0,"Graham Hill: Less stuff, more happiness"
1,Adam Ostrow: After your final status update
2,Kevin Slavin: How algorithms shape our world 
3,Terry Moore: How to tie your shoes
4,Arvind Gupta: Turning trash into toys for learning
5,Steven Johnson: Where good ideas come from
6,Tim Brown urges designers to think big
7,Richard St. John's 8 secrets of success
8,"Alain de Botton: A kinder, gentler philosophy of success"
9,Gordon Brown: Wiring a web for global good
10,Seth Godin: The tribes we lead
11,John Wooden: the difference between winning and succeeding
12,Evan Williams on listening to Twitter users
13,Elizabeth Gilbert: Your elusive creative genius
14,"Bill Gates: Mosquitos, malaria and education"
15,Rives: A story of mixed emoticons
16,David S. Rose on pitching to VCs
17,Alan Kay shares a powerful idea about ideas
18,Chris Anderson of WIRED on tech's Long Tail
19,Seth Godin: How to get your ideas to spread
20,Charles Leadbeater: The era of open innovation
21,Rives: If I controlled the Internet …
23,Kevin Kelly: How technology evolves
24,Iqbal Quadir says mobiles fight poverty
25,Jimmy Wales on the birth of Wikipedia
26,Seth Priebatsch: The game layer on top of the world
27,Temple Grandin: The world needs all kinds of minds
28,Pranav Mistry: The thrilling potential of SixthSense technology
29,Shai Agassi: A new ecosystem for electric cars
30,"Kevin Kelly: The next 5,000 days of the web"
31,Juan Enriquez: Using biology to rethink the energy challenge
32,Dean Kamen on inventing and giving
33,Jeff Han demos his breakthrough touchscreen
34,Gever Tulley: Life lessons through tinkering
35,"Richard St. John: ""Success is a continuous journey"""
36,Ray Kurzweil: A university for the coming singularity
38,Ray Zahab treks to the South Pole
40,Ben Saunders skis to the North Pole
41,Raghava KK: My 5 lives as an artist
42,Jill Bolte Taylor's stroke of insight
43,William Noel: Revealing the lost codex of Archimedes
44,Hans Rosling: Let my dataset change your mindset
45,Kirby Ferguson: Embrace the remix
46,JR: One year of turning the world inside out
47,Stefon Harris: There are no mistakes on the bandstand
48,Kathryn Schulz: Don't regret regret
49,Joe Sabia: The technology of storytelling
50,Robin Ince: Science versus wonder?
51,Ben Kacyra: Ancient wonders captured in 3D
52,Malcolm Gladwell: The strange tale of the Norden bombsight
53,Justin Hall-Tipping: Freeing energy from the grid
54,Geoff Mulgan: A short intro to the Studio School
55,"Sunni Brown: Doodlers, unite!"
56,Raghava KK: Shake up your story
57,Edward Tenner: Unintended consequences
58,Marco Tempest: The magic of truth and lies (and iPods)
59,Julian Treasure: 5 ways to listen better
60,Shea Hembrey: How I became 100 artists
61,Janet Echelman: Taking imagination seriously
62,Sean Carroll: Distant time and the hint of a multiverse
63,Lesley Hazleton: On reading the Koran
64,Denis Dutton: A Darwinian theory of beauty
65,Sebastian Seung: I am my connectome
66,Sugata Mitra: The child-driven education
67,Charles Leadbeater: Education innovation in the slums
68,Dan Meyer: Math class needs a makeover
69,George Whitesides: Toward a science of simplicity
70,"Tom Wujec: Build a tower, build a team"
71,Adora Svitak: What adults can learn from kids
72,Derek Sivers: How to start a movement
74,"Derek Sivers: Weird, or just different?"
75,"James Geary, metaphorically speaking"
76,Beau Lotto: Optical illusions show how we see
77,Dan Pink: The puzzle of motivation
78,Golan Levin makes art that looks back at you
79,Olafur Eliasson: Playing with space and light
80,Tom Wujec: 3 ways the brain creates meaning
82,Yann Arthus-Bertrand captures fragile Earth in wide-angle
83,Tom Shannon's anti-gravity sculpture
84,David Carson on design + discovery
85,Tim Brown: Tales of creativity and play
86,"Imam Faisal Abdul Rauf: Lose your ego, find your compassion"
88,Sugata Mitra shows how kids teach themselves
89,Robert Lang: The math and magic of origami
90,Yves Behar: Designing objects that tell stories
91,Clifford Stoll: The call to learn
92,Dave Eggers' wish: Once Upon a School
93,"Raul Midon plays ""Tembererana"""
94,"Frank Gehry asks ""Then what?"""
95,Gever Tulley 5 dangerous things you should let your kids do
96,Thom Mayne on architecture as connection
97,"Vik Muniz: Art with wire, sugar, chocolate and string"
98,Barry Schwartz: The paradox of choice
99,Cameron Sinclair: A call for open-source architecture
100,Ken Robinson says schools kill creativity
102,VS Ramachandran: 3 clues to understanding your brain
103,Dan Gilbert: The surprising science of happiness
104,Tan Le: A headset that reads your brainwaves
105,Sir Ken Robinson: Bring on the learning revolution!
107,Nicholas Christakis: The hidden influence of social networks
108,"Lies, damned lies and statistics (about TEDTalks)"
109,"Robert Gupta: Music is medicine, music is sanity"
110,Sam Harris: Science can answer moral questions
111,Mark Roth: Suspended animation is within our grasp
115,Philip Zimbardo: The psychology of evil
116,Benjamin Zander: The transformative power of classical music
117,Matthieu Ricard: The habits of happiness
118,Aubrey de Grey: A roadmap to end aging
122,"David Hanson: Robots that ""show emotion"""
124,Stephen Hawking: Questioning the universe
125,Siegfried Woldhek shows how he found the true face of Leonardo
126,Jonathan Harris: the Web's secret stories
127,Mena Trott on blogs
128,Jane Goodall helps humans and animals live together
129,Einstein the Parrot talks and squawks
130,Brian Cox: Why we need the explorers
131,Michael Specter: The danger of science denial
133,Richard Dawkins: Why the universe seems so strange
134,Daphne Koller: What we're learning from online education
135,Stephen Ritz: A teacher growing green in the South Bronx
136,Vinay Venkatraman: “Technology crafts” for the digitally underserved
137,Reggie Watts disorients you in the most entertaining way
138,Hans Rosling: Religions and babies
139,Eduardo Paes: The 4 commandments of cities
140,Susan Cain: The power of introverts
141,Peter van Uhm: Why I chose a gun
142,Drew Berry: Animations of unseeable biology
143,Damon Horowitz: Philosophy in prison
145,Béatrice Coron: Stories cut from paper
146,Julia Bacha: Pay attention to nonviolence
147,Shimon Steinberg: Natural pest control ... using bugs!
148,Mechai Viravaidya: How Mr. Condom made Thailand a better place
149,Naif Al-Mutawa: Superheroes inspired by Islam
150,Elif Shafak: The politics of fiction
151,Sharmeen Obaid-Chinoy: Inside a school for suicide bombers
152,Chimamanda Adichie: The danger of a single story
153,Taryn Simon photographs secret sites
154,William Kamkwamba: How I harnessed the wind
155,Stuart Brown: Play is more than fun
156,David Griffin: How photography connects us
157,Isabel Allende: Tales of passion
158,"Stew says ""Black Men Ski"""
159,Peter Diamandis on our next giant leap
160,Mark Bittman: What's wrong with what we eat
161,Brian Cox: CERN's supercollider
162,Johnny Lee demos Wii Remote hacks
164,Craig Venter: On the verge of creating synthetic life
165,George Dyson on Project Orion
166,Michael Pollan: A plant's-eye view
167,Chris Anderson on TED's nonprofit transition
169,Stephen Petranek counts down to Armageddon
170,John Doerr sees salvation and profit in greentech
171,Frans Lanting: The story of life in photographs
172,Alex Steffen: The route to a sustainable future
173,Robert Wright: The logic of non-zero-sum progress
174,Wade Davis: Dreams from endangered cultures
176,"Helen Fisher: Why we love, why we cheat"
177,Eve Ensler: Happiness in body and soul
190,"James Randi: Homeopathy, quackery and fraud"
191,Jennifer 8. Lee hunts for General Tso
192,Michael Shermer: Why people believe weird things
193,"Jennifer Lin: Improvising on piano, aged 14"
196,Rory Sutherland: Perspective is everything
197,Michael Norton: How to buy happiness
198,"Jonathan Haidt: Religion, evolution, and the ecstasy of self-transcendence"
199,James Hansen: Why I must speak out about climate change
200,Vijay Kumar: Robots that fly ... and cooperate
201,"Shlomo Benartzi: Saving for tomorrow, tomorrow"
202,Ed Boyden: A light switch for neurons
203,Dave Meslin: The antidote to apathy
204,"Kavita Ramdas: Radical women, embracing tradition "
205,Dennis Hong: My seven species of robot 
206,VS Ramachandran: The neurons that shaped civilization
207,David Deutsch: A new way to explain explanation
210,"Bonnie Bassler: How bacteria ""talk"""
211,Dan Ariely: Our buggy moral code
212,Barry Schwartz: Our loss of wisdom
213,Robert Wright: The evolution of compassion
214,Jonathan Haidt: The moral roots of liberals and conservatives
216,Dean Ornish: Your genes are not your fate
217,Jeff Hawkins: How brain science will change computing
218,Nick Bostrom on our biggest problems
224,Thomas Heatherwick: Building the Seed Cathedral
225,Amit Sood: Building a museum of museums on the web
226,"Eric Whitacre: A virtual choir 2,000 voices strong"
227,Rogier van der Heide: Why light needs darkness
228,Wael Ghonim: Inside the Egyptian revolution
229,JR's TED Prize wish: Use art to turn the world inside out
230,Wadah Khanfar: A historic moment in the Arab world
232,Rory Sutherland: Life lessons from an ad man
233,Michelle Obama's plea for education
235,Ray Kurzweil: The accelerating power of technology
236,Christopher McDougall: Are we born to run?
237,"The LXD: In the Internet age, dance evolves ..."
239,Jane Fonda: Life's third act
240,Arianna Huffington: How to succeed? Get more sleep
241,Brené Brown: The power of vulnerability
242,Sheryl Sandberg: Why we have too few women leaders
243,Tony Porter: A call to men
244,Aditi Shankardass: A second opinion on developmental disorders 
245,Simon Sinek: How great leaders inspire action
247,Eve Ensler: Embrace your inner girl
248,Sunitha Krishnan: The fight against sex slavery
249,Mary Roach: 10 things you didn't know about orgasm
251,Jacqueline Novogratz on escaping poverty
252,"Paul Collier on the ""bottom billion"""
255,Patrick Awuah on educating leaders
257,Jamie Oliver's TED Prize wish: Teach every child about food
258,Peter Reinhart on bread
261,James Kunstler: How bad architecture wrecked cities
262,William McDonough: Cradle to cradle design
263,Jane Goodall: What separates us from chimpanzees?
264,Tim Berners-Lee: The year open data went worldwide
266,Martin Jacques: Understanding the rise of China
269,Ric Elias: 3 things I learned while my plane crashed
270,Caroline Casey: Looking past limits
271,Natalie Merchant sings old poems to life
272,Hans Rosling: Asia's rise -- how and when
277,Salman Khan: Let's use video to reinvent education
278,Willie Smits: How to restore a rainforest
279,Clay Shirky: Institutions vs. collaboration
280,"Paul Ewald asks, Can we domesticate germs?"
282,Jane Poynter: Life in Biosphere 2
283,Mae Jemison on teaching arts and sciences together
284,Margaret Wertheim: The beautiful math of coral
286,Amy Tan: Where does creativity hide?
290,"Craig Venter unveils ""synthetic life"""
292,Kevin Allocca: Why videos go viral
293,Alberto Cairo: There are no scraps of men
295,Aaron Huey: America's native prisoners of war
296,Julian Assange: Why the world needs WikiLeaks 
297,Dean Kamen: The emotion behind invention
299,Anthony Atala: Growing new organs
301,Oliver Sacks: What hallucination reveals about our minds
302,John Francis walks the Earth
303,Keith Barry: Brain magic
304,David Hoffman on losing everything
306,Joshua Klein: The intelligence of crows
308,Brian Greene: Making sense of string theory
309,Bill Strickland makes change with a slide show
311,Alan Russell: The potential of regenerative medicine
312,Richard Dawkins: Militant atheism
313,Al Seckel: Powerful visual illusions
314,Joshua Foer: Feats of memory anyone can do
315,Janine Benyus: Biomimicry in action
317,Juan Enriquez: The next species of human
320,Neil Turok makes his TED Prize wish
323,Deborah Gordon: The emergent genius of ant colonies
324,Yossi Vardi fights local warming
326,Allison Hunt gets (a new) hip
327,Blaise Aguera y Arcas demos Photosynth
329,Rives remixes TED2006
332,"Julia Sweeney has ""The Talk"" "
333,Atul Gawande: How do we heal medicine?
334,Brené Brown: Listening to shame
336,"Todd Kuiken: A prosthetic arm that ""feels"""
337,Bunker Roy: Learning from a barefoot movement
338,Richard Resnick: Welcome to the genomic revolution
339,Daniel Kraft: Medicine's future? There's an app for that
340,Alice Dreger: Is anatomy destiny?
341,Iain Hutchison: Saving faces
342,Thomas Goetz: It's time to redesign medical data
343,Stefano Mancuso: The roots of plant intelligence
344,Misha Glenny investigates global crime networks
345,Mike Rowe: Learning from dirty jobs
346,Jacqueline Novogratz on patient capitalism
347,David Bolinsky: Visualizing the wonder of a living cell
350,Dan Buettner: How to live to be 100+
351,Clay Shirky: How cognitive surplus will change the world
357,Richard Wilkinson: How economic inequality harms societies
358,Jane McGonigal: The game that can give you 10 extra years of life
359,Rives: Reinventing the encyclopedia game
361,Tali Sharot: The optimism bias
362,Frank Warren: Half a million secrets
363,Bryan Stevenson: We need to talk about an injustice
365,Sheena Iyengar: How to make choosing easier
366,Paul Bloom: The origins of pleasure
367,Carlo Ratti: Architecture that senses and responds
368,"Eli Pariser: Beware online ""filter bubbles"""
369,Sarah Kay: If I should have a daughter ...
370,Neil Pasricha: The 3 A's of awesome
371,Stacey Kramer: The best gift I ever survived
372,Chris Anderson: How web video powers global innovation
373,Nic Marks: The Happy Planet Index
374,Sheryl WuDunn: Our century's greatest injustice 
375,Sheena Iyengar: The art of choosing
377,Chip Conley: Measuring what makes life worthwhile
378,Michael Shermer: The pattern behind self-deception
379,Rory Sutherland: Sweat the small stuff
381,Jonathan Klein: Photos that changed the world
382,Alexis Ohanian: How to make a splash in social media
384,"Dan Ariely asks, Are we in control of our own decisions? "
385,"Tim Ferriss: Smash fear, learn anything"
386,Ursus Wehrli tidies up art
388,Rick Smolan tells the story of a girl
390,Larry Lessig: Laws that choke creativity
391,"Richard Branson: Life at 30,000 feet"
393,Neil Gershenfeld on Fab Labs
395,Brewster Kahle builds a free digital library
396,Ian Dunbar on dog-friendly dog training
397,Hector Ruiz on connecting the world
399,Daniel Goleman on compassion
401,Jeff Bezos: The electricity metaphor
402,Martin Rees asks: Is this our final century?
404,Mike deGruy: Hooked by an octopus
405,Shawn Achor: The happy secret to better work
406,Diana Nyad: Extreme swimming with the world's most dangerous jellyfish
407,Karen Tse: How to stop torture
408,Monika Bulaj: The hidden light of Afghanistan
409,Kathryn Schulz: On being wrong
410,Noreena Hertz: How to use experts -- and when not to
411,Birke Baehr: What's wrong with our food system
412,Eben Bayer: Are mushrooms the new plastic?
415,Sean Gourley on the mathematics of war
416,Hans Rosling: Stats that reshape your worldview
418,Tim Jackson: An economic reality check
419,Michael Sandel: The lost art of democratic debate
421,Anil Gupta: India's hidden hotbeds of invention
423,Daniel Kahneman: The riddle of experience vs. memory
424,Pawan Sinha on how brains learn to see
425,Kiran Bir Sethi teaches kids to take charge
426,Romulus Whitaker: The real danger lurking in the water
428,Ryan Lobo: Photographing the hidden story
429,Anupam Mishra: The ancient ingenuity of water harvesting 
430,Devdutt Pattanaik: East vs. West -- the myths that mystify
433,John Lloyd inventories the invisible
434,Rebecca Saxe: How we read each other's minds
437,"Catherine Mohr: Surgery's past, present and robotic future"
438,Nancy Etcoff: Happiness and its surprises
441,Ray Anderson: The business logic of sustainability
442,Nandan Nilekani's ideas for India's future
443,Alex Tabarrok on how ideas trump crises
445,Gregory Stock: To upgrade is human
446,David Pogue on cool phone tricks
448,"Dan Dennett: Cute, sexy, sweet, funny"
449,Don Norman: 3 ways good design makes you happy
450,Ed Ulbrich: How Benjamin Button got his face
451,Sylvia Earle's TED Prize wish to protect our oceans
454,Joseph Pine: What consumers want
455,Dan Gilbert: Why we make bad decisions
457,Newton Aduaka tells the story of Ezra
458,"Mihaly Csikszentmihalyi: Flow, the secret to happiness"
460,Paul Rothemund details DNA folding
461,Ory Okolloh on becoming an activist
462,Patricia Burchat: Shedding light on dark matter
463,Martin Seligman: The new era of positive psychology
464,A.J. Jacobs: My year of living biblically
465,Helen Fisher: The brain in love
466,Freeman Dyson: Let's look for life in the outer solar system
467,"Nellie McKay sings ""Mother of Pearl"" and ""If I Had You"""
469,Torsten Reil builds better animations
470,Robert Full: Engineering and evolution
471,George Dyson at the birth of the computer
475,David Gallo: Underwater astonishments
478,Murray Gell-Mann on beauty and truth in physics
479,Steven Pinker: The surprising decline in violence
480,Jeff Skoll makes movies that matter
482,Dan Dennett: Dangerous memes
484,Tom Rielly delivers a comic sendup of TED2006
486,Tom Honey on God and the tsunami
487,James Nachtwey: My photographs bear witness
489,Steven Levitt: The freakonomics of McDonalds vs. drugs
494,Abigail Washburn: Building US-China relations ... by banjo
495,Tan Le: My immigration story
497,Sarah Kaminsky: My father the forger 
499,"9/11 healing: The mothers who found forgiveness, friendship"
500,John Hunter: Teaching with the World Peace Game
501,Chade-Meng Tan: Everyday compassion at Google
502,Eythor Bender demos human exoskeletons
505,Brian Skerry reveals ocean's glory -- and horror
506,Jane Chen: A warm embrace that saves lives
507,Dean Kamen previews a new prosthetic arm
508,"Malcolm Gladwell: Choice, happiness and spaghetti sauce"
509,"Tim Harford: Trial, error and the God complex"
511,Diana Laufenberg: How to learn? From mistakes
512,Robert Full: Learning from the gecko's tail
514,Dyan deNapoli: The great penguin rescue
515,A robot that flies like a bird
516,Matt Cutts: Try something new for 30 days
517,Dennis Hong: Making a car for blind drivers
518,Mike Matas:  A next-generation digital book
522,Miru Kim's underground art
525,Bob Thurman: We can be Buddhas
528,Andrew Stanton: The clues to a great story
529,Jenna McCarthy: What you don't know about marriage
530,Shekhar Kapur: We are the stories we tell ourselves
531,Tony Robbins: Why we do what we do
533,Andrew Bird's one-man orchestra of the imagination
534,Joseph Nye on global power shifts
535,Maz Jobrani: Did you hear the one about the Iranian-American?
536,Adam Sadowsky engineers a viral music video
537,Richard Sears: Planning for the end of oil
539,Amory Lovins on winning the oil endgame
542,"Peter Norvig: The 100,000-student classroom"
550,Charlie Todd: The shared experience of absurdity
551,Ben Goldacre: Battling bad science
552,Joshua Walters: On being just crazy enough
553,Honor Harger: A history of the universe in sound
554,Daniel Tammet: Different ways of knowing
556,John Hardy: My green school dream
561,Aimee Mullins: The opportunity of adversity
562,Dennis vanEngelsdorp: a plea for bees
563,Alison Jackson looks at celebrity
568,Michael Pawlyn: Using nature's genius in architecture
569,Naomi Klein: Addicted to risk
580,Nigel Marsh: How to make work-life balance work
581,Charles Limb: Your brain on improv
582,Rachel Botsman: The case for collaborative consumption
583,Marcel Dicke: Why not eat insects?
584,Jason Fried: Why work doesn't happen at work
585,Gero Miesenboeck reengineers a brain
586,Barton Seaver: Sustainable seafood? Let's get smart
587,Natalie Jeremijenko: The art of the eco-mindshift
589,Gary Wolf: The quantified self
590,"Mitchell Joachim: Don't build your home, grow it!"
592,Peter Tyack: The intriguing sound of marine mammals
593,David Byrne: How architecture helped music evolve
594,Debate: Does the world need nuclear energy?
597,Catherine Mohr builds green
603,Rachel Armstrong: Architecture that repairs itself?
606,Michael Pritchard: How to make filthy water drinkable
607,Kary Mullis' next-gen cure for killer infections
608,Arthur Benjamin: Teach statistics before calculus!
611,Felix Dennis: Odes to vice and consequences
612,"Kaki King rocks out to ""Pink Noise"""
613,Joachim de Posada: Don't eat the marshmallow!
615,Sarah Jones as a one-woman global village
616,Joe DeRisi solves medical mysteries
618,Rob Forbes on ways of seeing
619,Luca Turin on the science of scent
620,Dean Ornish: Healing through diet
622,Ann Cooper talks school lunches
626,Christopher deCharms: A look inside the brain in real time
631,Craig Venter on DNA and the sea
633,Robert Fischell on medical inventing
638,Marc Goodman: A vision of crimes in the future
640,Lisa Harouni: A primer on 3D printing
641,"Sebastian Wernicke: 1000 TEDTalks, 6 words"
642,Daniel Goldstein: The battle between your present and future self
644,Pamela Meyer: How to spot a liar
645,"Edith Widder: The weird, wonderful world of bioluminescence"
647,Saul Griffith: High-altitude wind energy from kites!
654,Paul Stamets: 6 ways mushrooms can save the world
656,Ron Eglash: The fractals at the heart of African designs
657,Luis von Ahn: Massive-scale online collaboration
658,Itay Talgam: Lead like the great conductors
660,Brian Cox: What went wrong at the LHC
678,Billy Graham on technology and faith
679,Rick Warren: A life of purpose
680,"Thandie Newton: Embracing otherness, embracing myself"
681,Johanna Blakley: Social media and the end of gender
683,Johanna Blakley: Lessons from fashion's free culture
685,Isaac Mizrahi on fashion and creativity
689,Carter Emmart demos a 3D atlas of the universe 
693,Rory Bremner's one-man world summit
696,Al Gore: Averting the climate crisis
697,Thomas Barnett: Rethinking America's military strategy
701,Adam Savage: My obsession with falcons
708,Christien Meindertsma: How pig parts make the world turn
714,"Theo Jansen: My creations, a new form of life"
716,"Hasan Elahi: FBI, here I am!"
717,Alwar Balasubramaniam: Art of substance and absence
719,Matt Ridley: When ideas have sex
720,Michael Anti: Behind the Great Firewall of China
721,Juan Enriquez: Will our kids be a different species?
725,Angela Belcher: Using nature to grow batteries
726,Anil Ananthaswamy: What it takes to do extreme astrophysics
729,Sam Richards: A radical experiment in empathy
730,Marcin Jakubowski: Open-sourced blueprints for civilization
732,David Christian: The history of our world in 18 minutes
733,Morgan Spurlock: The greatest TED Talk ever sold
734,Mark Bezos: A life lesson from a volunteer firefighter
736,Jacqueline Novogratz: Inspiring a life of immersion
740,"Jessica Jackley: Poverty, money -- and love"
742,David McCandless: The beauty of data visualization
744,Jane McGonigal: Gaming can make a better world
748,Evan Grant: Making sound visible through cymatics
755,Michael Merzenich: Growing evidence of brain plasticity
759,Kamal Meattle: How to grow fresh air
761,Pattie Maes and Pranav Mistry demo SixthSense
765,Woody Norris: Hypersonic sound and other inventions
767,Wade Davis: The worldwide web of belief and ritual
775,Kenichi Ebina's magic moves
776,"Vusi Mahlasela sings ""Thula Mama"""
778,"Will Wright: Spore, birth of a game"
781,Hans Rosling: New insights on poverty
783,Negroponte takes OLPC to Colombia
784,Peter Gabriel fights injustice with video
787,Joan Halifax: Compassion and the true meaning of empathy
788,Harald Haas: Wireless data from every light bulb
794,Steven Pinker: What our language habits reveal
802,"Maira Kalman, the illustrated woman"
803,"Deborah Scranton on her ""War Tapes"""
804,Dan Barber's foie gras parable
810,David Blaine: How I held my breath for 17 min
811,Charles Fleischer insists: All things are Moleeds
814,Michael Moschen juggles rhythm and motion
819,JJ Abrams: the mystery box
821,"Arthur Benjamin does ""Mathemagic"""
823,Stephen Lawler tours Microsoft Virtual Earth
827,Stefan Sagmeister: Happiness by design
830,Deb Roy: The birth of a word
833,Ben Dunlap: The life-long learner
835,Paul Gilding: The Earth is full
836,Pavan Sukhdev: Put a value on nature!
837,"Paul Zak: Trust, morality -- and oxytocin"
838,Louie Schwartzberg: The hidden beauty of pollination
840,Beverly + Dereck Joubert: Life lessons from big cats
847,Richard Baraniuk on open-source learning
850,Karen Armstrong: Let's revive the Golden Rule
851,Ueli Gegenschatz soars in a wingsuit
852,Jacek Utko designs to save newspapers
853,Aimee Mullins: It's not fair having 12 pairs of legs
854,Milton Glaser on using design to make ideas new
855,Aimee Mullins: Changing my legs - and my mindset
857,Paul MacCready flies on solar wings
860,Jacqueline Novogratz invests in Africa's own solutions
862,Mina Bissell: Experiments that point to a new understanding of cancer
864,Frans de Waal: Moral behavior in animals
865,Jay Bradner: Open-source cancer research
866,Barry Schwartz: Using our practical wisdom
868,Heribert Watzke: The brain in your gut
870,David Agus: A new strategy in the war on cancer
871,Henry Markram: A brain in a supercomputer
884,Boaz Almog “levitates” a superconductor
889,Jack Horner: Shape-shifting dinosaurs
890,Stephen Coleman: The moral dangers of non-lethal weapons
891,Quyen Nguyen: Color-coded surgery
894,Jae Rhim Lee: My mushroom burial suit
895,Mike Biddle: We can recycle plastic
898,Hans Rosling: The magic washing machine
899,Janna Levin: The sound the universe makes
901,Eric Berlow: Simplifying complexity
902,Emily Pilloton: Teaching design for change
903,R.A. Mashelkar: Breakthrough designs for ultra-low-cost products
904,Julian Treasure: Shh! Sound health in 8 steps
906,Derek Sivers: Keep your goals to yourself
908,"Hans Rosling: Global population growth, box by box"
910,Margaret Gould Stewart: How YouTube thinks about copyright
912,William Li: Can we eat to starve cancer?
913,Jeremy Jackson: How we wrecked the ocean
916,Shukla Bose: Teaching one child at a time
917,Joel Levine: Why we need to go back to Mars
919,Dan Barber: How I fell in love with a fish
921,James Cameron: Before Avatar ... a curious boy
923,Eric Topol: The wireless future of medicine
929,"Sam Martin: Claim your ""manspace"""
930,David Logan: Tribal leadership
939,Adam Grosser: A mobile fridge for vaccines
946,"Hod Lipson builds ""self-aware"" robots"
947,John Maeda: Designing for simplicity
951,Rives: The  4 a.m. mystery
953,Bjorn Lomborg: Global priorities bigger than climate change
971,Ross Lovegrove shares organic designs
972,Joshua Prince-Ramus on Seattle's library
974,Nalini Nadkarni on conserving the canopy
976,Evelyn Glennie: How to truly listen
981,Ngozi Okonjo-Iweala on aid versus trade
983,Ngozi Okonjo-Iweala: Want to help Africa? Do business here
985,Eric Giler demos wireless electricity
987,Paul Romer: Why the world needs charter cities
1004,Juliana Machado Ferreira: The fight to end rare-animal trafficking in Brazil
1011,Cesar Harada: A novel idea for cleaning up oil spills
1012,Don Tapscott: Four principles for the open world
1013,Jean-Baptiste Michel: The mathematics of history
1014,Brian Greene: Is our universe the only universe?
1016,"Mikko Hypponen: Fighting viruses, defending the net"
1022,Kary Mullis celebrates the experiment
1026,Greg Stone: Saving the ocean one island at a time
1029,Nicholas Negroponte on One Laptop per Child
1037,Rob Hopkins: Transition to a world without oil
1038,Jacqueline Novogratz: A third way to think about aid
1060,Sasa Vucinic invests in free press
1062,David Bismark: E-voting without fraud
1063,Carne Ross: An independent diplomat
1064,Dan Cobley: What physics taught me about marketing
1075,Jill Tarter's call to join the SETI search
1076,Bill Gross on new energy
1080,Irwin Redlener on surviving a nuclear attack
1082,Yochai Benkler on the new open-source economics
1088,Burt Rutan sees the future of space
1089,David Deutsch: Chemical scum that dream of distant quasars
1102,Myshkin Ingawale: A blood test without bleeding
1103,Britta Riley: A garden in my apartment
1111,Corneille Ewango is a hero of the Congo forest
1113,Eleni Gabre-Madhin on Ethiopian economics
1114,Andrew Mwenda takes a new look at Africa
1119,Majora Carter: Greening the ghetto
1123,Stephen Wolfram: Computing a theory of everything
1124,Omar Ahmad: Political change with pen and paper
1126,Frederick Balagadde: Bio-lab on a microchip
1127,Edith Widder: Glowing life in an underwater world
1128,Thelma Golden: How art gives shape to cultural change
1133,Gordon Brown on global ethic vs. national interest
1134,Tom Wujec demos the 13th-century astrolabe
1135,Julian Treasure: The 4 ways sound affects us
1137,Gustavo Dudamel leads El Sistema's top youth orchestra
1138,"Paola Antonelli previews ""Design and the Elastic Mind"""
1139,David Perry: Are games better than life?
1140,Caleb Chung plays with Pleo
1143,William Kamkwamba: How I built a windmill
1144,Bill Stone: The caves and the moon
1145,Anand Agarawala demos BumpTop
1148,Peter Donnelly: How stats fool juries
1151,Drew Curtis: How I beat a patent troll
1154,"Kirk Citron: And now, the real news "
1155,David Cameron: The next age of government
1178,Janine Benyus: The promise of biomimicry
1180,Nathan Wolfe's jungle search for viruses
1183,Carmen Agra Deedy spins stories
1184,Chris Abani: On humanity
1186,"Nellie McKay sings ""Clonie"""
1187,Al Gore: New thinking on the climate crisis
1196,Michael Hansmeyer: Building unimaginable shapes
1203,Sendhil Mullainathan: Solving social problems with a nudge
1205,Bill Davenhall: Your health depends on where you live
1212,Clay Shirky: How social media can make history
1215,PW Singer on military robots and the future of war
1222,David Merrill: Toy tiles that talk to each other
1224,Jay Walker's library of human imagination
1227,Stefan Sagmeister: Designing with slogans
1228,Eve Ensler on security
1229,Steven Levitt on child carseats
1236,Sergey Brin and Larry Page: The genesis of Google
1242,Anna Deavere Smith: Four American characters
1251,"Amy Smith shares simple, lifesaving design"
1252,Larry Brilliant wants to stop pandemics
1258,Alanna Shaikh: How I'm preparing to get Alzheimer's
1260,Antonio Damasio: The quest to understand consciousness
1263,Aparna Rao: High-tech art (with a sense of humor)
1264,Bruce Schneier: The security mirage
1265,"Ariel Garten: Know thyself, with a brain scanner"
1274,Erin McKean: The joy of lexicography
1284,Dianna Cohen: Tough truths about plastic pollution
1286,Bill Gates on energy: Innovating to zero!
1287,Al Gore warns on latest climate trends
1292,Rachel Sussman: The world's oldest living things
1294,Bruce McCall's faux nostalgia
1300,David Gallo on life in the deep oceans
1304,Pamelia Kurstin plays the theremin
1311,Eric Mead: The magic of the placebo
1312,Blaise Aguera y Arcas demos augmented-reality maps
1317,Jonathan Zittrain: The Web as random acts of kindness
1319,Bjarke Ingels: 3 warp-speed architecture tales
1327,"John Hodgman: Aliens, love -- where are they?"
1328,Lennart Green: Close-up card magic with a twist
1355,Marco Tempest: The electric rise and fall of Nikola Tesla
1356,Sebastian Deterding: What your designs say about you
1359,"Chip Kidd: Designing books is no laughing matter. OK, it is."
1362,Ian Ritchie: The day I turned down Tim Berners-Lee
1364,Suzanne Lee: Grow your own clothes
1365,David Brooks: The social animal
1371,Marian Bantjes: Intricate beauty by design 
1375,The design genius of Charles + Ray Eames
1384,Philippe Starck: Design and destiny
1385,Sherwin Nuland: How electroshock therapy changed me
1398,Rajesh Rao: A Rosetta Stone for the Indus script
1400,Maya Beiser(s) and her cello(s) 
1428,Julia Sweeney: Letting go of God
1429,Paul Debevec animates a photo-real digital face
1431,Jakob Trollback rethinks the music video
1432,Peter Diamandis: Abundance is our future
1433,Niall Ferguson: The 6 killer apps of prosperity
1434,Yasheng Huang: Does democracy stifle economic growth?
1438,Marco Tempest: A magical tale (with augmented reality)
1452,"Elizabeth Pisani: Sex, drugs and HIV -- let's get rational"
1459,Tim Berners-Lee on the next Web
1465,"Susan Blackmore: Memes and ""temes"""
1469,The Jill and Julia Show
1474,Susan Savage-Rumbaugh: The gentle genius of bonobos
1487,Mick Ebeling: The invention that unlocked a locked-in artist
1489,Liza Donnelly: Drawing on humor for change
1490,Ze Frank's web playroom
1491,Graham Hill: Why I'm a weekday vegetarian
1499,Jose Antonio Abreu: The El Sistema music revolution
1504,Dave deBronkart: Meet e-Patient Dave
1513,E.O. Wilson calls for an Encyclopedia of Life
1531,Annie Murphy Paul: What we learn before we're born
1534,Patricia Kuhl: The linguistic genius of babies
1545,John Maeda on his journey in design
1551,Ze Frank's nerdcore comedy
1555,Amory Lovins: A 40-year plan for energy
1563,Anders Ynnerman: Visualizing the medical data explosion
1569,Hillel Cooperman: Legos for grownups
1575,Alan Siegel: Let's simplify legal jargon!
1581,Parag Khanna maps the future of countries 
1591,"Nicholas Negroponte on One Laptop per Child, two years on"
1594,Steve Jurvetson on model rocketry
1597,David Keith's unusual climate change idea
1602,Carl Honore: In praise of slowness
1604,David Pogue: Simplicity sells
1605,Juan Enriquez: The life-code that will reshape the future
1607,Nathan Wolfe: What's left to explore?
1613,Mikko Hypponen: Three types of online attack
1616,Sheila Nirenberg: A prosthetic eye to treat blindness
1618,Homaro Cantu + Ben Roche: Cooking as alchemy  
1620,Yoav Medan: Ultrasound surgery -- healing without cuts
1624,"Marco Tempest: Augmented reality, techno-magic"
1627,Christoph Adami: Finding life we can't imagine
1628,What we learned from 5 million books
1630,Jeremy Gilley: One day of peace
1631,Rory Stewart: Time to end the war in Afghanistan
1634,Jody Williams: A realistic vision for world peace
1635,"William Ury: The walk from ""no"" to ""yes"""
1636,"Zainab Salbi: Women, wartime and the dream of peace"
1637,Stefan Wolff: The path to ending ethnic conflicts
1638,Inge Missmahl brings peace to the minds of Afghanistan
1642,Ethan Zuckerman: Listening to global voices
1645,Benoit Mandelbrot: Fractals and the art of roughness
1647,Stephen Palumbi: Following the mercury trail
1652,Cameron Herold: Let's raise kids to be entrepreneurs
1656,John Kasaona: How poachers became caretakers
1659,"Christopher ""moot"" Poole: The case for anonymity online"
1661,John Underkoffler: Pointing to the future of UI
1662,Seth Berkley: HIV and flu -- the vaccine strategy
1667,Gary Flake: is Pivot a turning point for web exploration?
1671,Philip K. Howard: Four ways to fix a broken legal system
1675,Joshua Prince-Ramus: Building a theater that remakes itself
1677,Nick Veasey: Exposing the invisible
1679,Bertrand Piccard's solar-powered adventure
1681,Marc Pachter: The art of the interview
1684,"Shashi Tharoor: Why nations should pursue ""soft"" power"
1693,John La Grou plugs smart power outlets
1694,Liz Coleman's call to reinvent liberal arts education 
1695,Carolyn Porco: Could a Saturn moon harbor life?
1696,Erik Hersman on reporting crisis via texting
1703,Jamais Cascio on tools for a better world
1704,Samantha Power on a complicated hero
1706,Marvin Minsky on health and the human mind
1719,Robert Full on animal movement
1720,Larry Brilliant makes the case for optimism
1724,Carolyn Porco: This is Saturn
1732,Dan Dennett: The illusion of consciousness
1735,Golan Levin on software (as) art
1736,Sheila Patek clocks the fastest animals
1737,Dean Ornish: The world's killer diet
1740,Ashraf Ghani on rebuilding broken states
1742,Eva Vertes looks to the future of medicine
1747,Jehane Noujaim wishes for a global day of film
1757,Krista Tippett: Reconnecting with compassion
1801,Swami Dayananda Saraswati: The profound journey of compassion
1803,Conrad Wolfram: Teaching kids real math with computers
1820,"Lisa Gansky: The future of business is the ""mesh"""
1833,Kevin Kelly tells technology's epic story
1852,Elaine Morgan says we evolved from aquatic apes
1856,Philip Zimbardo: The psychology of time
1868,Renny Gleeson on antisocial phone tricks
1874,Sherwin Nuland on hope
1875,Barry Schuler: Genomics 101
1877,Paula Scher gets serious
1878,Scott McCloud on comics
1880,Paul Sereno digs up dinosaurs
1883,Philip Rosedale on Second Life
1885,Stewart Brand on the Long Now
1888,Virginia Postrel on glamour
1889,Garrett Lisi: A theory of everything
1890,Steven Johnson on the Web as a city
1891,Rodney Brooks says robots will invade our lives
1899,"Nathan Myhrvold on archeology, animal photography, BBQ ..."
1900,Arthur Ganson: Moving sculpture
1906,Roy Gould and Curtis Wong preview the WorldWide Telescope
1908,David Macaulay's Rome Antics
1932,Steven Johnson tours the Ghost Map
1939,"Steve Keil: A manifesto for play, for Bulgaria and beyond"
1940,Ron Gutman: The hidden power of smiling
1950,Candy Chang: Before I die I want to...
1954,The Raspyni Brothers juggle and jest
1960,Rob Harmon: How the market can keep streams flowing
1970,Lee Smolin on science and democracy
1993,Kwabena Boahen on a computer that works like the brain
2002,John Hockenberry: We are all designers
2009,Misha Glenny: Hire the hackers!
2014,Roger Ebert: Remaking my voice
2032,"Ahn Trio: A modern take on piano, violin, cello"
2045,Paul Conneally: Digital humanitarianism
2054,Harvey Fineberg: Are we ready for neo-evolution?
2060,Hans Rosling on HIV: New facts and stunning data visuals
2070,Regina Dugan: From mach-20 glider to humming bird drone
2077,Amber Case: We are all cyborgs now
2080,Diane Benscoter on how cults rewire the brain
2087,Bruce Bueno de Mesquita predicts Iran's future
2113,Anthony Atala: Printing a human kidney
2139,Saul Griffith on everyday inventions
2148,Margaret Heffernan: Dare to disagree
2154,Gregory Petsko on the coming neurological epidemic
2161,Alisa Miller: The news about the news
2162,Ernest Madu on world-class health care
2163,Joseph Lekuton tells a parable for Kenya
2164,Robin Chase on Zipcar and her next big idea
2199,Jason Clay: How big brands can help save biodiversity
2202,Enric Sala: Glimpses of a pristine ocean
2215,"Elizabeth Lesser: Take ""the Other"" to lunch"
2217,Lawrence Lessig: Re-examining the remix
2220,Halla Tomasdottir: A feminine response to Iceland's financial crash
2223,Dan Phillips: Creative houses from reclaimed stuff
2259,"Isabel Behncke: Evolution's gift of play, from bonobo apes to humans"
2261,Ellen Dunham-Jones: Retrofitting suburbia
2264,Stefan Sagmeister: The power of time off
2267,Paul Moller on the Skycar
2268,Larry Burns on the future of cars
2269,Liz Diller plays with architecture
2270,Moshe Safdie on building uniqueness
2272,David Rockwell builds at Ground Zero
2273,Stewart Brand on squatter cities
2282,Lucy McRae: How can technology transform the human body?
2300,Steven Strogatz on sync
2305,Jonathan Drori on what we think we know
2308,Peter Diamandis on Stephen Hawking in zero g
2309,Murray Gell-Mann on the ancestor of language
2323,Jan Chipchase: The anthropology of mobile phones
2326,Emily Oster flips our thinking on AIDS in Africa
2335,Michael Tilson Thomas: Music and emotion through time 
2337,Allan Jones: A map of the brain
2338,Richard Seymour: How beauty feels
2342,Jared Diamond on why societies collapse
2364,Hans Rosling: The good news of the decade?
2386,Kiran Bedi: A police chief with a difference
2394,MacMaster + Leahy play the fiddle
2399,Stefan Sagmeister: 7 rules for making more happiness
2401,Reviving New York's rivers -- with oysters!
2410,Paul Bennett finds design in the details
2420,Naturally 7 beatboxes a whole band
2461,Ramesh Raskar: Imaging at a trillion frames per second
2464,Rebecca Onie: What if our healthcare system kept us healthy?
2466,David Kelley: How to build your creative confidence
2471,Tal Golesworthy: How I repaired my own heart
2472,"Sherry Turkle: Connected, but alone?"
2473,"Taylor Wilson: Yup, I built a nuclear fusion reactor"
2476,Rob Reid: The $8 billion iPod
2482,Emiliano Salinas: A civil response to violence
2484,Camille Seaman: Haunting photos of polar ice
2501,"Stanley McChrystal: Listen, learn ... then lead"
2503,Paul Root Wolpe: It's time to question bio-engineering
2510,Danny Hillis: Understanding cancer through proteomics
2520,Laurie Santos: A monkey economy as irrational as ours
2567,Pam Warhurst: How we can eat our landscapes
2569,Chris Bliss: Comedy is translation
2573,Paddy Ashdown: The global power shift
2580,"Ralph Langner: Cracking Stuxnet, a 21st-century cyber weapon"
2581,Dale Dougherty: We are makers
2591,Mallika Sarabhai: Dance to change the world
2592,Ian Goldin: Navigating our global future
2597,Stewart Brand: 4 environmental 'heresies'
2602,Laurie Garrett on lessons from the 1918 flu
2612,Robert Thurman: Expanding your circle of compassion
2620,Chris Jordan: Turning powerful stats into art
2625,Paul Rothemund casts a spell with DNA
2635,Bill Clinton on rebuilding Rwanda
2642,Edward Burtynsky: Manufactured landscapes
2648,Taryn Simon: The stories behind the bloodlines
2653,Alain de Botton: Atheism 2.0
2671,Lee Cronin: Making matter come alive
2672,"Fiorenzo Omenetto: Silk, the ancient material of the future"
2674,"Deborah Rhodes: A tool that finds 3x more breast tumors, and why it's not available to you"
2677,Jonathan Drori: Why we're storing billions of seeds
2686,"Peter Molyneux demos Milo, the virtual boy"
2711,Capt. Charles Moore on the seas of plastic
2715,George Smoot: The design of the universe
2716,Charles Elachi on the Mars Rovers
2734,"Leymah Gbowee: Unlock the intelligence, passion, greatness of girls"
2745,"Robert Gupta and Joshua Roman duet on ""Passacaglia"""
2753,Karen Armstrong makes her TED Prize wish: the Charter for Compassion
2755,Josette Sheeran: Ending hunger now
2783,Nina Jablonski breaks the illusion of skin color
2788,Yves Rossy: Fly with the Jetman
2794,Lewis Pugh's mind-shifting Everest swim
2816,Doris Kearns Goodwin on learning from past presidents
2829,Dan Dennett: Responding to Pastor Rick Warren
2838,Daniel Libeskind's 17 words of architectural inspiration
2840,"Dolby + Garniez play ""La Vie en Rose"""
2851,Svante Pääbo: DNA clues to our inner neanderthal
2852,Jonathan Drori: The beautiful tricks of flowers
2857,Emmanuel Jal: The music of a war child
2877,Yang Lan: The generation that's remaking China
2907,"Billy Collins: Everyday moments, caught in time"
2913,Clay Shirky: Why SOPA is a bad idea
2917,Lauren Zalaznick: The conscience of television
2929,Tom Chatfield: 7 ways games reward the brain
2945,Tom Shannon: The painter and the pendulum
2953,Stefana Broadbent: How the Internet enables intimacy
2958,Jim Fallon: Exploring the mind of a killer
2962,C.K. Williams' poetry of youth and age 
2969,Brenda Laurel on games for girls
2975,Benjamin Wallace: The price of happiness
2977,Richard Preston on the giant trees 
2981,James Surowiecki: When social media became news
2992,Spencer Wells builds a family tree for humanity
2993,Jonathan Harris: The web as art
3003,Robert Ballard on exploring the oceans
3020,Chris Abani on the stories of Africa
3029,Phil Borges on endangered cultures
3109,Josh Silver demos adjustable liquid-filled eyeglasses 
3129,Matthew Childs' 9 life lessons from rock climbing
3130,"Eddi Reader on ""What You've Got"""
3148,Lisa Margonelli: The political chemistry of oil
3150,"Carl Safina: The oil spill's unseen culprits, victims"
3155,Roz Savage: Why I'm rowing across the Pacific
3182,"David Byrne sings ""(Nothing But) Flowers"""
3217,Reuben Margolin: Sculpting waves in wood and time
3221,Daniel Wolpert: The real reason for brains
3230,Jessa Gamble: Our natural sleep cycle
3233,Evgeny Morozov: How the Net aids dictatorships
3259,Van Jones: The economic injustice of plastic
3260,Thomas Thwaites: How I built a toaster -- from scratch
3272,Peter Eigen: How to expose the corrupt
3274,Rachel Pike: The science behind a climate headline
3275,Cameron Sinclair: The refugees of boom-and-bust
3276,"Marcus du Sautoy: Symmetry, reality's riddle"
3279,Marc Koska: 1.3m reasons to re-invent the syringe
3286,James Balog: Time-lapse proof of extreme ice loss
3287,Steve Truglia: A leap from the edge of space
3292,Willard Wigan: Hold your breath for micro-sculpture
3300,Yves Behar's supercharged motorcycle design
3303,Demo: Stunning data visualization in the AlloSphere
3314,Matt Mills: Image recognition that triggers augmented reality
3315,Massimo Banzi: How Arduino is open-sourcing imagination
3318,Carl Schoonover: How to look inside the brain
3321,Laura Carstensen: Older people are happier
3322,"Ayah Bdeir: Building blocks that blink, beep and teach"
3328,Aaron O'Connell: Making sense of a visible quantum object
3363,"Renny Gleeson: 404, the story of a page not found"
3368,Guy-Philippe Goldstein: How cyberattacks threaten real-world peace
3388,Peter Hirshberg on TV and the web
3397,"Kartick Satyanarayan: How we rescued the ""dancing"" bears"
3402,"Nellie McKay sings ""The Dog Song"""
3403,Bono: Action for Africa
3407,AnnMarie Thomas: Hands-on science with squishy circuits
3408,Rob Legato: The art of creating awe
3409,"Timothy Prestero: Design for people, not awards"
3411,Melinda French Gates: What nonprofits can learn from Coca-Cola
3418,Nina Tandon: Caring for engineered tissue
3419,Simon Lewis: Don't take consciousness for granted
3447,Sebastian Thrun: Google's driverless car
3499,Paul Romer: The world's first charter city?
3500,Leonard Susskind: My friend Richard Feynman
3501,Paul Nicklen: Tales of ice-bound wonderlands
3505,Bart Weetjens: How I taught rats to sniff out land mines
3530,Auret van Heerden: Making global labor fair
3532,Nicholas Christakis: How social networks predict epidemics
3534,Johan Rockstrom: Let the environment guide our development
3544,Peter Ward on Earth's mass extinctions
3549,George Ayittey on Cheetahs vs. Hippos
3560,Louise Leakey digs for humanity's origins
3562,Maajid Nawaz: A global culture to fight extremism
3588,Kristen Ashburn's photos of AIDS
3612,Madeleine Albright: On being a woman and a diplomat
3615,His Holiness the Karmapa: The technology of the heart
3644,Louise Fresco on feeding the whole world
3680,Norman Foster's green agenda
3732,Dee Boersma: Pay attention to penguins
3736,Esther Duflo: Social experiments to fight poverty
3741,Jamie Heywood: The big idea my brother inspired
3743,"Cynthia Schneider: The surprising spread of ""Idol"" TV"
3744,Edward Burtynsky photographs the landscape of oil
3745,Carolyn Steel: How food shapes our cities
3758,Howard Rheingold: The new power of collaboration
3777,E.O. Wilson: Advice to young scientists
3778,Beeban Kidron: The shared wonder of film
3780,"Morley sings ""Women of Hope"""
3787,Erik Johansson: Impossible photography
3791,Alison Gopnik: What do babies think?
3792,Jok Church: A circle of caring
3793,JD Schramm: Break the silence for suicide attempt survivors
3826,Donald Sadoway: The missing link to renewable energy
3829,Aaron Koblin: Artfully visualizing our humanity
3849,Jennifer Pahlka: Coding a better government
3867,Emily Levine's theory of everything
3880,Laura Trice suggests we all say thank you
3939,Lakshmi Pratury on letter-writing
3949,James Watson: How we discovered DNA
3955,Nancy Lublin: Texting that saves lives
3959,Shilo Shiv Suleman: Using tech to enable dreaming
3963,A.J. Jacobs: How healthy living nearly killed me
3971,Jon Ronson: Strange answers to the psychopath test
4046,Bill Gates: How state budgets are breaking US schools
4083,Tierney Thys swims with the giant sunfish
4135,A TED speaker's worst nightmare 
4155,Ivan Krastev: Can democracy exist without trust?
4156,Lisa Kristine: Photos that bear witness to modern slavery
4158,Scilla Elworthy: Fighting with non-violence
4162,Malte Spitz: Your phone company is watching 
4163,Neil Harbisson: I listen to color
4166,Jonathan Eisen: Meet your microbes
4168,Usman Riaz and Preston Reed: A young guitarist meets his hero
4170,Elyn Saks: A tale of mental illness -- from the inside
4173,David R. Dow: Lessons from death row inmates
4174,Sarah Parcak: Archeology from space
4175,Damian Palin: Mining minerals from seawater
4176,Philippe Petit: The journey across the high wire
4178,Gary Kovacs: Tracking the trackers
4193,Neil MacGregor: 2600 years of history in one object
4195,Neil Burgess: How your brain tells you where you are
4196,Bill Doyle: Treating cancer with electric fields
4210,Ramona Pierson: An unexpected place of healing
4216,Charles Limb: Building the musical muscle
4222,Charles Hazlewood: Trusting the ensemble
4251,Loretta Napoleoni: The intricate economics of terrorism
4253,Becky Blanton: The year I was homeless
4306,Ananda Shankar Jayant fights cancer with dance 
4316,Mustafa Akyol: Faith versus tradition in Islam
4344,"Péter Fankhauser: Meet Rezero, the dancing ballbot"
4346,Anna Mracek Dietrich: A plane you can drive
4350,Kate Hartman: The art of wearable communication
4351,Skylar Tibbits: Can we make things that make themselves?
4359,Bruce Aylward: How we'll stop polio for good
4367,Handspring Puppet Co.: The genius puppetry behind War Horse
4376,Cynthia Breazeal: The rise of personal robots
4379,Heather Knight: Silicon-based comedy
4381,Ali Carr-Chellman: Gaming to re-engage boys in learning
4386,Fabian Hemmert: The shape-shifting future of the mobile phone
4432,Kristina Gjerde: Making law on the high seas
4433,Kevin Stone: The bio-future of joint replacement
4443,Courtney Martin: Reinventing feminism
4449,Noah Feldman says politics and religion are technologies
4478,Geoffrey West: The surprising math of cities and corporations
4499,Philip Zimbardo: The demise of guys?
4520,"Robert Neuwirth on our ""shadow cities"""
4527,Jay Walker on the world's English mania
4543,Dimitar Sasselov: How we found hundreds of potential Earth-like planets
4552,Steven Cowley: Fusion is energy's future
4556,Garik Israelian: How spectroscopy could reveal alien life
4597,Ken Kamler: Medical miracle on Everest
4606,Mathieu Lehanneur demos science-inspired design
4644,David Kelley on human-centered design
4712,Bruce Feiler: The council of dads
4713,Let's talk parenting taboos: Rufus Griscom + Alisa Volkman
4717,Franco Sacchi tours Nigeria's booming Nollywood
4726,Charity Tillemann-Dick: Singing after a double lung transplant
4744,Rebecca MacKinnon: Let's take back the Internet!
4804,Alex Steffen: The shareable future of cities
4812,Jim Toomey: Learning from Sherman the shark
4831,Kevin Surace invents eco-friendly drywall
4895,Terry Moore: Why is 'x' the unknown?
4928,Noah Wilson-Rich: Every city needs healthy honey bees
4936,Raghava KK: What’s your 200-year plan?
4949,Mark Pagel: How language transformed humanity
4960,Baba Shiv: Sometimes it's good to give up the driver's seat
4967,Dan Ariely: Beware conflicts of interest
4979,Barbara Block: Tagging tuna in the deep ocean
4996,"Thomas Dolby: ""Love Is a Loaded Pistol"""
5008,Scott Kim takes apart the art of puzzles
5036,"Raul Midon plays ""Peace on Earth"""
5054,Jill Sobule sings to Al Gore
5073,Robert Hammond: Building a park in the sky
5133,Robert Neuwirth: The power of the informal economy
5152,Kevin Bales: How to combat modern slavery
5154,Asher Hasan's message of peace from Pakistan
5158,"Cary Fowler: One seed at a time, protecting the future of food"
5256,A whistleblower you haven't heard
5298,"Eve Ensler: Suddenly, my body"
5322,"Chris Gerdes: The future race car -- 150mph, and no driver"
5327,"Susan Lim: Transplant cells, not organs"
5466,Majora Carter: 3 stories of local eco-entrepreneurship
5487,Paul Snelgrove: A census of the ocean
5488,Tyrone Hayes + Penelope Jagessar Chaffer: The toxic baby? 
5507,Amy Lockwood: Selling condoms in the Congo
5552,"Nicholas Negroponte, in 1984, makes 5 predictions"
5595,"Geoff Mulgan: Post-crash, investing in a better world"
5597,"Bill Joy: What I'm worried about, what I'm excited about"
5634,"Sheikha Al Mayassa: Globalizing the local, localizing the global"
5657,"Fields Wicker-Miurin: Learning from leadership's ""missing manual"""
5660,Katherine Fulton: You are the future of philanthropy
5744,"Nora York sings ""What I Want"""
5763,Ben Cameron: The true power of the performing arts
5774,David Pogue on the music wars
5786,Gary Lauder's new traffic sign: Take Turns
5795,Natalie MacMaster fiddles in reel time
5799,Caroline Lavelle casts a spell on cello
5916,Lucianne Walkowicz: Finding planets around other stars
6087,Rob Dunbar: Discovering ancient climates in oceans and ice
6135,David Holt plays mountain music
6168,Danny Hillis: Back to the future (of 1994)
6196,Nathan Myhrvold: Could this laser zap malaria?
6362,George Whitesides: A lab the size of a postage stamp
6409,Phil Plait: How to defend Earth from asteroids
6447,Andrea Ghez: The hunt for a supermassive black hole
6673,LZ Granderson: The myth of the gay agenda
6721,Ellen Gustafson: Obesity + Hunger = 1 global food issue
6723,Jonathan Drori: Every pollen grain has a story
6783,Daniel Kraft invents a better way to harvest bone marrow
6893,Ivan Oransky: Are we over-medicalized?
6897,Jessica Green: Are we filtering the wrong microbes?
6900,Andy Hobsbawm says: Do the green thing
7013,"Lalitesh Katragadda: Making maps to fight disaster, build economies"
7026,Sophal Ear: Escaping the Khmer Rouge
7039,Richard Pyle dives the reef's Twilight Zone
7210,Thulasiraj Ravilla: How low-cost eye care can be world-class
7274,Patricia Ryan: Don't insist on English!
7318,John Walker re-creates great performances
7335,Jack Horner: Building a dinosaur from a chicken 
7336,"Damon Horowitz calls for a ""moral operating system"""
7462,John Delaney: Wiring an interactive ocean
7535,Peter Haas: Haiti's disaster of engineering
7552,Paul Collier's new rules for rebuilding a broken nation
7643,Lewis Pugh swims the North Pole
7663,"Eddi Reader sings ""Kiteflyer's Hill"""
7759,Alexander Tsiaras: Conception to birth -- visualized
7877,T. Boone Pickens: Let's transform energy -- with natural gas
7884,Award-winning teenage science in action
7915,"Jackson Browne: ""If I Could Be Anywhere"""
7972,Natasha Tsakos' multimedia theatrical adventure
8011,Rabbi Jackie Tabick: The balancing act of compassion
8012,Zach Kaplan and Keith Schacht demo toys from the future
8050,David Hoffman shares his Sputnik mania
8065,Paola Antonelli treats design as art
8192,Patrick Chappatte: The power of cartoons
8198,Lee Hotz: Inside an Antarctic time machine
8401,Liz Diller: A giant bubble for debate
8481,"Nathaniel Kahn on ""My Architect"""
8529,Eric Dishman: Take health care off the mainframe
8609,James Stavridis: A Navy Admiral's thoughts on global security
8667,"Suheir Hammad: Poems of war, peace, women, power"
8731,Nathan Myhrvold: Cooking as never seen before
8839,Shaffi Mather: A new way to fight corruption
8866,Eva Zeisel on the playful search for beauty
8940,John Gerzema: The post-crisis consumer
9063,Mark Applebaum: The mad scientist of music
9201,Caroline Phillips: Hurdy-gurdy for beginners
9220,"Imogen Heap plays ""Wait It Out"""
9240,Tod Machover and Dan Ellsey play new music
9533,Penelope Boston says there might be life on Mars
9670,Jamie Drummond: Let's crowdsource the world's goals
9837,"Gayle Tzemach Lemmon: Women entrepreneurs, example not exception"
9937,Elizabeth Lindsey: Curating humanity's heritage
9980,John Graham-Cumming: The greatest machine that never was
10039,Dr. Seyi Oyesola tours a hospital in Nigeria
10132,Onyx Ashanti: This is beatjazz
10150,Shyam Sankar: The rise of human-computer cooperation
10238,Cynthia Kenyon: Experiments that hint of longer lives
10255,Jamil Abu-Wardeh: The Axis of Evil Middle East Comedy Tour
10262,Shereen El Feki: Pop culture in the Arab world
10441,Erica Frenkel: The universal anesthesia machine
10476,JP Rangaswami: Information is food
10569,Elizabeth Murchison: Fighting a contagious cancer
10589,Bill Ford: A future beyond traffic gridlock
10593,Jessi Arrington: Wearing nothing new
10625,Annie Lennox: Why I am an HIV/AIDS activist  
10672,Niels Diffrient rethinks the way we sit down
10677,Christopher Deam restyles the Airstream
10800,Becci Manson: (Re)touching lives through photos
10892,Chris Bangle says great cars are Art
10915,They Might Be Giants play at 8:30 am
11058,Arthur Potts Dawson: A vision for sustainable restaurants
11101,Graham Hawkes flies through the ocean
11277,Quixotic Fusion: Dancing with light 
11331,Jared Ficklin: New ways to see music (with color! and fire!)
11459,Nalini Nadkarni: Life science in prison
11609,Frank Gehry as a young rebel
11617,Kent Larson: Brilliant designs to fit more people in every city
11627,Elliot Krane: The mystery of chronic pain
11725,Martin Hanczyc: The line between life and not-life
11773,Jonathan Trent: Energy from floating algae pods
11785,Jon Nguyen: Tour the solar system from home
12735,Charles Anderson discovers dragonflies that cross oceans
12747,Nick Sears demos the Orb
12800,Greg Lynn on calculus in architecture
12912,Hanna Rosin: New data on the rise of women
12935,Jaime Lerner sings of the city
13192,Christina Warinner: Tracking ancient diseases using ... plaque
13314,Eric Sanderson pictures New York -- before the City
13415,"Karen Bass: Unseen footage, untamed nature"
13676,Euvin Naidoo on investing in Africa
13898,Noel Bairey Merz: The single biggest health threat women face
14043,Max Little: A test for Parkinson’s with a phone call
14054,Ravin Agrawal: 10 young Indian artists to watch
14176,Caitria and Morgan O’Neill: How to step up in the face of disaster
14350,Shimon Schocken's rides of hope
14478,Pete Alcorn on the world in 2200
14586,Zeresenay Alemseged looks for humanity's roots
14931,Danielle de Niese: A flirtatious aria
14975,Mitchell Besser: Mothers helping mothers fight HIV
15103,Gabriel Barcia-Colombo: Capturing memories in video art 
15826,Marisa Fick-Jordan shares the wonder of Zulu wire art
16243,Sonaar Luthra: Meet the Water Canary 
16245,Jonas Gahr Støre: In defense of dialogue
16249,Cheryl Hayashi: The magnificence of spider silk
16313,Rev. James Forbes: Compassion at the dinner table
16770,Ben Katchor's comics of bygone New York
16807,Reed Kroloff on modern and romantic architecture
16943,Shirin Neshat: Art in exile
16989,Mark Forsyth: What’s a snollygoster? A short lesson in political speak
17026,Kim Gorgens: Protecting the brain against concussion
17578,Nate Silver: Does race affect votes?
17668,Nadia Al-Sakkaf: See Yemen through my eyes
18119,"John Hodgman: Design, explained."
18202,Scott Fraser: Why eyewitnesses get it wrong
18487,A sense of humor about Afghanistan? Artist Aman Mojadidi shows how
18498,Diane Kelly: What we didn’t know about penis anatomy
19283,Claron McFadden: Singing the primal mystery
20754,"Harsha Bhogle: The rise of cricket, the rise of India"
21357,Shereen El-Feki: HIV -- how to fight an epidemic of bad laws
28806,James Nachtwey fights XDR-TB
29035,Paul MacCready on nature vs. humans
29047,Jarreth Merz: Filming democracy in Ghana
30401,Daniel Pauly: The ocean's shifting baseline
30403,Lucien Engelen: Crowdsource your health
31360,Keith Bellows on the camel's hump 
36276,Nathalie Miebach: Art made of storms
39298,Simon Berrow: How do you save a shark you know nothing about?
39857,Wolfgang Kessling: How to air-condition outdoor spaces
44892,Dalia Mogahed: The attitudes that sparked Arab Spring
50712,Jack Choi: On the virtual dissection table
62529,"Antony Gormley: Sculpted space, within and without"
